Y,X,site_no,category,note,perishability,location,extent,group,road_dist_m
10.549015,-66.989994,1,,,med,remote,small,,10
10.543535,-66.987934,2,,,med,remote,small,,10
10.536763,-66.981432,3,,mixed sources,med,populated,large,,190
10.533847,-66.983632,4,,mixed sources,med,populated,medium,,180
10.526221,-66.996785,5,,,med,remote,medium,quarry,110
10.526389,-66.994221,6,,,med,remote,large,quarry,100
10.524607,-66.999274,7,,,med,remote,medium,quarry,100
10.521115,-67.002386,8,,,med,remote,medium,quarry,410
10.496652,-66.994715,9,,low confidence,med,populated,small,,10
10.491947,-66.989404,10,,low confidence,med,populated,small,,150
10.490523,-66.988374,11,,low confidence,med,populated,small,,150
10.493675,-66.989761,12,,low confidence,med,populated,small,,30
10.493311,-66.988068,13,,low confidence,med,populated,large,,40
10.491451,-66.990536,14,,low confidence,med,populated,medium,,100
10.493593,-66.98662,15,,low confidence,med,populated,small,,70
10.494105,-66.979045,16,,low confidence,med,populated,medium,,130
10.493994,-66.977704,17,,low confidence,med,populated,medium,,130
10.493867,-66.978348,18,,low confidence,med,populated,medium,,140
10.502982,-67.000669,19,,low confidence,med,remote,medium,,340
10.500724,-66.998883,20,,low confidence,med,populated,medium,,100
10.500614,-66.995525,21,,low confidence,med,populated,medium,,60
10.503457,-66.997102,22,,low confidence,med,remote,small,,60
10.515788,-66.971101,23,,,high,populated,medium,,230
10.539321,-66.97522,24,,reactivation,high,populated,medium,,20
10.525799,-66.970339,25,,low confidence,med,populated,small,,0
10.523204,-66.966552,26,,,low,populated,medium,Trocha,70
10.6059214115604,-66.9894784454834,27,,,low,populated,small,Radiofaro,40
10.6083867598913,-66.9879029566093,28,,low confidence,low,populated,small,Radiofaro,30
10.6073224609696,-66.9860579441354,29,,,low,populated,small,Radiofaro,40
10.6091151185424,-66.986993072232,30,,,low,populated,medium,Radiofaro,40
10.6069355030248,-66.9799174296753,31,,low confidence,med,populated,small,,20
10.600988572101,-66.9704295311749,32,,,low,populated,small,,40
10.6115602356137,-67.0108517541189,33,,,low,populated,small,CRPV,30
10.6114176591315,-67.0126800878321,34,,,low,populated,small,CRPV,40
10.6113421774644,-67.0138710208013,35,,,low,populated,small,CRPV,30
10.6109855574854,-67.0096134163424,36,,,low,populated,small,CRPV,30
10.6106180810127,-67.0077017587904,37,,,high,populated,medium,CRPV,10
10.6077977550451,-67.0032556576178,38,,low confidence,low,populated,small,,50
10.6075650571276,-66.9940070206396,39,,,low,populated,medium,Radiofaro,40
10.608400903335,-66.9927590791617,40,,,low,populated,medium,Radiofaro,60
10.6059835490329,-67.0158688370256,41,,low confidence,low,populated,small,,10
10.5922803951153,-66.9878276454775,42,,,low,populated,small,,80
10.5910775252484,-66.9911201724854,43,,low confidence,,,,,10
10.5831764445766,-66.9537007182917,44,,head scarp,med,remote,medium,,150
10.6121574220604,-67.0194068969606,45,,low confidence,med,populated,small,CRPV,40
10.5886775887378,-67.0419405480437,46,,low confidence,,,,,130
10.5489113505176,-67.0082888098149,47,,,low,populated,small,,90
10.5620427895371,-67.0013417478408,48,,low confidence,low,remote,medium,"Túnel Boquerón I, II",50
10.5603892893273,-67.0006198614034,49,,,low,remote,small,"Túnel Boquerón I, II",40
10.562322836457,-67.0084232837692,50,,landslide dam potential,high,remote,medium,"Túnel Boquerón I, II",320
10.5606573780184,-67.0083564222991,51,,landslide dam potential,high,remote,small,"Túnel Boquerón I, II",350
10.5706834679643,-67.0083959720324,52,,"landslide dam potential; reactivation",med,remote,large,"Túnel Boquerón I, II",150
10.5745285220461,-67.0090813897597,53,,low confidence,low,remote,medium,"Túnel Boquerón I, II",50
10.5712431006207,-67.0041750009327,54,,,low,remote,small,"Túnel Boquerón I, II",220
10.570604256337,-66.9716319504669,55,,,high,remote,medium,,10
10.5721171978756,-66.9740149130477,56,,low confidence,med,remote,small,,110
10.5804763392924,-66.9767357085188,57,,,med,remote,medium,A,40
10.5796878594557,-66.9795433612747,58,,,med,remote,medium,A,260
10.5786019302613,-66.9570544816634,59,,,low,remote,medium,,240
10.5641165947512,-67.0559873266258,60,,head scarp,med,remote,medium,,100
10.5543949890987,-67.0560128412689,61,,,med,remote,small,,1160
10.588029370726,-66.9049387122089,62,,,med,remote,medium,QSGJ,270
10.5839076807358,-66.9045757961091,63,,,med,remote,medium,QSGJ,190
10.588262673933,-66.9012317834755,64,,,med,remote,medium,RM,650
10.5886774351899,-66.8982506869417,65,,,med,remote,medium,RM,980
10.5876664546262,-66.896254648393,66,,,med,remote,medium,RM,1130
10.58167833898,-66.8914589713603,67,,,med,remote,medium,RM,1020
10.5896106480179,-66.8937401582731,68,,,med,remote,medium,RM,1140
10.5937064154296,-66.9064940669222,69,,,med,remote,medium,QSGJ,340
10.5964801313349,-66.9068829056005,70,,,med,remote,medium,QSGJ,130
10.592047370402,-66.8963583387072,71,,,med,remote,medium,RM,850
10.5952099249857,-66.8994690481338,72,,,med,remote,medium,RM,560
10.579097973904,-66.8810181497612,73,,,med,remote,medium,QC,1620
10.5770034687012,-66.8838929608238,74,,,med,remote,medium,QC,1230
10.5925274484392,-66.8714902045252,75,,,med,remote,medium,RCC,1280
10.581479960213,-66.8847143354132,76,,,med,remote,large,QC,1470
10.6076285444716,-66.8757045835394,77,,,low,populated,small,,70
10.6065824113848,-66.873335399784,78,,,low,populated,medium,,50
10.6022562241772,-66.8536511571867,79,,low confidence,,,,,110
10.6034961085973,-66.8526753222265,80,,low confidence,,,,,70
10.6015042572373,-66.8516306047985,81,,low confidence,,,,,80
10.514511821412,-66.8010177035993,82,,,med,remote,small,,1410
10.5585205178317,-66.8750047627144,83,,probably more like this in dead zone,med,remote,small,,670
10.4856214756301,-67.0147978290447,84,,low confidence,,,,,100
10.4908870554691,-67.0197080109586,85,,low confidence,,,,,340
10.4938084636369,-67.0234856290867,86,,head scarp,med,remote,large,,130
10.5205826189154,-66.9951479037074,87,,reactivation?,low,remote,medium,,730
10.4917447523533,-66.9836175224572,88,,low confidence,high,populated,small,,0
10.4926042474906,-66.9884052575283,89,,low confidence,,,,,120
10.5019907976794,-66.978459583756,90,,reactivation,med,remote,large,,180
10.4961637876417,-66.9761599030761,91,,low confidence,,,,,60
10.4988392826228,-66.9767652525095,92,,low confidence,,,,,80
10.4962512776039,-66.9622433579061,93,,low confidence,,,,,220
10.494426182245,-66.9730137474906,94,,,high,populated,medium,,50
10.4993977675661,-66.9463617474905,95,,low confidence,,,,,50
10.5137516671884,-66.9706392023206,96,,low confidence,,,,,260
10.5257362625472,-66.9688322926605,97,,reactivation,high,populated,medium,Trocha,0
10.5245599651914,-66.9644343347003,98,,,med,populated,small,Trocha,10
10.5240869382083,-66.9632675348086,99,,,med,populated,small,Trocha,20
10.5233210849975,-66.9641144783593,100,,,med,populated,medium,Trocha,50
10.5241950586615,-66.9621502901247,101,,,med,populated,small,Trocha,10
10.5238346571506,-66.9618439488404,102,,,med,populated,medium,Trocha,20
10.5207046069617,-66.9619586772261,103,,low confidence,med,populated,small,,160
10.494759,-66.9932556,104,,low confidence,,,,,70
10.5933297736556,-66.8506879446919,105,,,low,remote,medium,,250
10.5841246895182,-66.8731604659011,106,,,med,remote,medium,RCC,2230
10.5925721226923,-66.8647476533548,107,,,med,remote,medium,RCC,1320
10.5961380473519,-66.8710486076076,108,,,med,remote,medium,RCC,890
10.516033525407,-66.7968024414479,110,,,med,remote,small,,1510
10.5900800373256,-66.8481139843649,109,,,low,remote,small,,580
10.5341498037985,-66.8684435072814,111,,,med,remote,small,,1570
10.5370361009887,-66.8733867059174,112,,,med,remote,medium,,940
10.540486387285,-66.8724577826838,113,,,med,remote,small,,920
10.5186206781076,-66.8525134197515,114,,,med,remote,small,,570
10.5986472510803,-66.8194719661285,115,,,high,populated,large,,240
10.5965930215899,-66.8213191802438,116,,,med,remote,medium,,410
10.5972777647534,-66.8244881079072,117,,,med,remote,small,,510
10.5986950238591,-66.825284320888,118,,,med,remote,small,,510
10.5939805664536,-66.8349506032465,119,,,med,remote,small,,1040
10.5949692637252,-66.8331182176365,120,,,med,remote,small,,960
10.5951670031795,-66.8352406211128,121,,,med,remote,small,,900
10.5958524999544,-66.8367170757051,122,,,med,remote,small,,830
10.5963929877962,-66.834146462799,123,,,med,remote,,,780
